Date,Total_Orders
1/1/2024,1539
1/2/2024,1509
1/3/2024,1593
1/4/2024,1683
1/5/2024,1562
1/6/2024,1581
1/7/2024,1743
1/8/2024,1695
1/9/2024,1611
1/10/2024,1705
1/11/2024,1636
1/12/2024,1645
1/13/2024,1709
1/14/2024,1542
1/15/2024,1560
1/16/2024,1655
1/17/2024,1617
1/18/2024,1720
1/19/2024,1617
1/20/2024,1569
1/21/2024,1790
1/22/2024,1643
1/23/2024,1654
1/24/2024,1519
1/25/2024,1574
1/26/2024,1608
1/27/2024,1489
1/28/2024,1591
1/29/2024,1493
1/30/2024,1497
1/31/2024,1451
2/1/2024,1627
2/2/2024,1457
2/3/2024,1353
2/4/2024,1484
2/5/2024,1302
2/6/2024,1399
2/7/2024,1209
2/8/2024,1245
2/9/2024,1353
2/10/2024,1385
2/11/2024,1331
2/12/2024,1300
2/13/2024,1280
2/14/2024,1182
2/15/2024,1242
2/16/2024,1264
2/17/2024,1388
2/18/2024,1337
2/19/2024,1176
2/20/2024,1352
2/21/2024,1307
2/22/2024,1297
2/23/2024,1415
2/24/2024,1464
2/25/2024,1474
2/26/2024,1351
2/27/2024,1413
2/28/2024,1484
2/29/2024,1557
3/1/2024,1461
3/2/2024,1506
3/3/2024,1453
3/4/2024,1466
3/5/2024,1646
3/6/2024,1708
3/7/2024,1611
3/8/2024,1714
3/9/2024,1677
3/10/2024,1610
3/11/2024,1702
3/12/2024,1805
3/13/2024,1687
3/14/2024,1820
3/15/2024,1489
3/16/2024,1765
3/17/2024,1705
3/18/2024,1671
3/19/2024,1697
3/20/2024,1523
3/21/2024,1655
3/22/2024,1690
3/23/2024,1766
3/24/2024,1592
3/25/2024,1552
3/26/2024,1559
3/27/2024,1654
3/28/2024,1588
3/29/2024,1499
3/30/2024,1561
3/31/2024,1507
